{
  "type": "Baseline",
  "task": "xsum",
  "n_shot": 1,
  "length": 50,
  "rouge-1": 0.19788279728932537,
  "rouge-2": 0.04485408305705468,
  "rouge-l": 0.13465686437008018,
  "rouge-lsum": 0.1350472822717737,
  "elapsed_time": 735.8928217887878,
  "generated_tokens": 6122,
  "model_memory": 6.695699691772461,
  "peak_memory": 11.930156707763672,
  "inputs": {
    "model_id": "microsoft/Phi-3-mini-4k-instruct",
    "num_offload_layers": 2,
    "search_iteration": 1000,
    "csv_filename": "config/phi-3-mini/offload_2-search_1000/searching.csv",
    "json_filename": "config/phi-3-mini/offload_2-search_1000/skipped_layers.json",
    "skip_attn_layers": [
      0,
      4
    ],
    "skip_mlp_layers": [
      4,
      5,
      9,
      10,
      14,
      24
    ]
  }
}