{
  "type": "Baseline",
  "task": "xsum",
  "n_shot": 1,
  "length": 50,
  "rouge-1": 0.21533438191124848,
  "rouge-2": 0.05662337950720763,
  "rouge-l": 0.15098820721422243,
  "rouge-lsum": 0.15080893409265533,
  "elapsed_time": 156.22499108314514,
  "generated_tokens": 5090,
  "model_memory": 5.984714508056641,
  "peak_memory": 7.722428798675537,
  "inputs": {
    "model_id": "meta-llama/Llama-3.2-3B-Instruct",
    "num_offload_layers": 0,
    "search_iteration": 1000,
    "csv_filename": "config/llama-3.2-3b/motivation/offload_0-search_1000/searching.csv",
    "json_filename": "config/llama-3.2-3b/motivation/offload_0-search_1000/skipped_layers.json",
    "skip_attn_layers": [
      1,
      3,
      5,
      6,
      8,
      9,
      12,
      18,
      20,
      22,
      27
    ],
    "skip_mlp_layers": [
      1,
      3,
      5,
      6,
      7,
      8,
      9,
      13,
      17,
      22,
      23
    ]
  }
}