{
  "type": "Self Speculative Decoding With Naive Offloading",
  "task": "xsum",
  "n_shot": 1,
  "length": 50,
  "rouge-1": 0.271306542743609,
  "rouge-2": 0.09841485358379755,
  "rouge-l": 0.19475759604747456,
  "rouge-lsum": 0.1948777570469366,
  "elapsed_time": 1023.6752610206604,
  "generated_tokens": 4275,
  "model_memory": 13.332542419433594,
  "peak_memory": 15.109964370727539,
  "inputs": {
    "model_id": "meta-llama/Llama-3.1-8B-Instruct",
    "num_offload_layers": 4,
    "search_iteration": 1000,
    "csv_filename": "config/llama-3.1-8b/offload_4-search_1000/searching.csv",
    "json_filename": "config/llama-3.1-8b/offload_4-search_1000/skipped_layers.json",
    "skip_attn_layers": [
      4,
      5,
      8,
      9,
      21,
      23,
      26,
      28,
      29
    ],
    "skip_mlp_layers": [
      4,
      7,
      8,
      25
    ]
  }
}