{
  "type": "Self Speculative Decoding With Naive Offloading",
  "task": "xsum",
  "n_shot": 1,
  "length": 50,
  "rouge-1": 0.20380754208788707,
  "rouge-2": 0.04690513811517609,
  "rouge-l": 0.13816127650245755,
  "rouge-lsum": 0.13773669771186847,
  "elapsed_time": 1299.901924610138,
  "generated_tokens": 6065,
  "model_memory": 6.273824691772461,
  "peak_memory": 11.507497787475586,
  "inputs": {
    "model_id": "microsoft/Phi-3-mini-4k-instruct",
    "num_offload_layers": 4,
    "search_iteration": 1000,
    "csv_filename": "config/phi-3-mini/offload_4-search_1000/searching.csv",
    "json_filename": "config/phi-3-mini/offload_4-search_1000/skipped_layers.json",
    "skip_attn_layers": [
      4,
      7,
      11,
      12
    ],
    "skip_mlp_layers": [
      9,
      11,
      12,
      14,
      22,
      23
    ]
  }
}