{
  "type": "Baseline",
  "task": "xsum",
  "n_shot": 1,
  "length": 50,
  "rouge-1": 0.0690853051827917,
  "rouge-2": 0.018736579263657543,
  "rouge-l": 0.058170865734343116,
  "rouge-lsum": 0.058126095111797546,
  "elapsed_time": 12776.629001379013,
  "generated_tokens": 24551,
  "model_memory": 22.262510299682617,
  "peak_memory": 26.11366033554077,
  "inputs": {
    "model_id": "microsoft/Phi-3-medium-4k-instruct",
    "num_offload_layers": 6,
    "search_iteration": 1000,
    "csv_filename": "config/phi-3-medium/motivation/offload_0-search_1000/searching.csv",
    "json_filename": "config/phi-3-medium/motivation/offload_0-search_1000/skipped_layers.json",
    "skip_attn_layers": [
      2,
      4,
      7,
      8,
      10,
      11,
      13,
      14,
      18,
      25,
      28,
      32,
      34,
      38
    ],
    "skip_mlp_layers": [
      0,
      2,
      3,
      13,
      14,
      16,
      17,
      18,
      26,
      28,
      29,
      30,
      31,
      33
    ]
  }
}