{
  "type": "Self Speculative Decoding",
  "task": "xsum",
  "n_shot": 1,
  "length": 50,
  "rouge-1": 0.2754273478317273,
  "rouge-2": 0.09891240587145865,
  "rouge-l": 0.19825537107699365,
  "rouge-lsum": 0.1972451497512283,
  "elapsed_time": 153.33122515678406,
  "generated_tokens": 4160,
  "model_memory": 14.957542419433594,
  "peak_memory": 16.73106575012207,
  "inputs": {
    "model_id": "meta-llama/Llama-3.1-8B-Instruct",
    "num_offload_layers": 0,
    "search_iteration": 1000,
    "csv_filename": "config/llama-3.1-8b/motivation/offload_0-search_1000/searching.csv",
    "json_filename": "config/llama-3.1-8b/motivation/offload_0-search_1000/skipped_layers.json",
    "skip_attn_layers": [
      1,
      2,
      3,
      5,
      7,
      9,
      10,
      11,
      13,
      15,
      19,
      21,
      23,
      27,
      28
    ],
    "skip_mlp_layers": [
      3,
      8,
      9,
      10,
      12
    ]
  }
}