{
  "type": "Self Speculative Decoding",
  "task": "xsum",
  "n_shot": 1,
  "length": 50,
  "rouge-1": 0.20010197656706763,
  "rouge-2": 0.04059266018723234,
  "rouge-l": 0.13608514734019628,
  "rouge-lsum": 0.13606279761287376,
  "elapsed_time": 841.039407491684,
  "generated_tokens": 6041,
  "model_memory": 5.851949691772461,
  "peak_memory": 11.086731433868408,
  "inputs": {
    "model_id": "microsoft/Phi-3-mini-4k-instruct",
    "num_offload_layers": 6,
    "search_iteration": 1000,
    "csv_filename": "config/phi-3-mini/offload_6-search_1000/searching.csv",
    "json_filename": "config/phi-3-mini/offload_6-search_1000/skipped_layers.json",
    "skip_attn_layers": [
      0,
      3,
      7,
      8,
      11,
      12,
      14
    ],
    "skip_mlp_layers": [
      6,
      9,
      10,
      12,
      14,
      21
    ]
  }
}