{
  "type": "Self Speculative Decoding",
  "task": "xsum",
  "n_shot": 1,
  "length": 50,
  "rouge-1": 0.20453628359858073,
  "rouge-2": 0.04973306141339273,
  "rouge-l": 0.13845364777981845,
  "rouge-lsum": 0.13795213854619134,
  "elapsed_time": 298.13668632507324,
  "generated_tokens": 6267,
  "model_memory": 7.117574691772461,
  "peak_memory": 12.35034990310669,
  "inputs": {
    "model_id": "microsoft/Phi-3-mini-4k-instruct",
    "num_offload_layers": 0,
    "search_iteration": 1000,
    "csv_filename": "config/phi-3-mini/motivation/offload_0-search_1000/searching.csv",
    "json_filename": "config/phi-3-mini/motivation/offload_0-search_1000/skipped_layers.json",
    "skip_attn_layers": [
      0,
      3,
      6,
      8,
      10,
      12,
      14,
      24
    ],
    "skip_mlp_layers": [
      3,
      4,
      9,
      10,
      11,
      14,
      22,
      23,
      27
    ]
  }
}