{
  "type": "Self Speculative Decoding With Naive Offloading",
  "task": "cnn_dailymail",
  "n_shot": 1,
  "length": 50,
  "rouge-1": 0.3347969962963627,
  "rouge-2": 0.12947138072658065,
  "rouge-l": 0.20858156377902276,
  "rouge-lsum": 0.20863030928482773,
  "elapsed_time": 916.4217402935028,
  "generated_tokens": 8187,
  "model_memory": 5.609714508056641,
  "peak_memory": 8.085643768310547,
  "inputs": {
    "model_id": "meta-llama/Llama-3.2-3B-Instruct",
    "num_offload_layers": 2,
    "search_iteration": 1000,
    "csv_filename": "config/llama-3.2-3b/offload_2-search_1000/searching.csv",
    "json_filename": "config/llama-3.2-3b/offload_2-search_1000/skipped_layers.json",
    "skip_attn_layers": [
      1,
      5,
      18,
      19,
      23,
      24,
      25
    ],
    "skip_mlp_layers": [
      1,
      5,
      20
    ]
  }
}