{
  "type": "Baseline",
  "task": "cnn_dailymail",
  "n_shot": 1,
  "length": 50,
  "rouge-1": 0.3380085454240566,
  "rouge-2": 0.13316092069772173,
  "rouge-l": 0.2117894191624463,
  "rouge-lsum": 0.21141397455258842,
  "elapsed_time": 829.8213934898376,
  "generated_tokens": 8137,
  "model_memory": 5.609714508056641,
  "peak_memory": 8.085643291473389,
  "inputs": {
    "model_id": "meta-llama/Llama-3.2-3B-Instruct",
    "num_offload_layers": 2,
    "search_iteration": 1000,
    "csv_filename": "config/llama-3.2-3b/offload_2-search_1000/searching.csv",
    "json_filename": "config/llama-3.2-3b/offload_2-search_1000/skipped_layers.json",
    "skip_attn_layers": [
      1,
      5,
      18,
      19,
      23,
      24,
      25
    ],
    "skip_mlp_layers": [
      1,
      5,
      20
    ]
  }
}