{
  "type": "Baseline",
  "task": "xsum",
  "n_shot": 1,
  "length": 50,
  "rouge-1": 0.2686084544005925,
  "rouge-2": 0.09130196942906285,
  "rouge-l": 0.19153115292577236,
  "rouge-lsum": 0.18954686205813037,
  "elapsed_time": 1442.3299934864044,
  "generated_tokens": 4129,
  "model_memory": 12.520042419433594,
  "peak_memory": 14.297318935394287,
  "inputs": {
    "model_id": "meta-llama/Llama-3.1-8B-Instruct",
    "num_offload_layers": 6,
    "search_iteration": 1000,
    "csv_filename": "config/llama-3.1-8b/offload_6-search_1000/searching.csv",
    "json_filename": "config/llama-3.1-8b/offload_6-search_1000/skipped_layers.json",
    "skip_attn_layers": [
      1,
      6,
      10,
      11,
      21,
      23
    ],
    "skip_mlp_layers": [
      1,
      7,
      8,
      9,
      10,
      12,
      25
    ]
  }
}