{
  "type": "Self Speculative Decoding With Naive Offloading",
  "task": "xsum",
  "n_shot": 1,
  "length": 50,
  "rouge-1": 0.21258180050193037,
  "rouge-2": 0.0534269444416572,
  "rouge-l": 0.14923134624057263,
  "rouge-lsum": 0.14918212376387502,
  "elapsed_time": 582.9215650558472,
  "generated_tokens": 5185,
  "model_memory": 5.609714508056641,
  "peak_memory": 7.347429275512695,
  "inputs": {
    "model_id": "meta-llama/Llama-3.2-3B-Instruct",
    "num_offload_layers": 2,
    "search_iteration": 1000,
    "csv_filename": "config/llama-3.2-3b/offload_2-search_1000/searching.csv",
    "json_filename": "config/llama-3.2-3b/offload_2-search_1000/skipped_layers.json",
    "skip_attn_layers": [
      1,
      5,
      18,
      19,
      23,
      24,
      25
    ],
    "skip_mlp_layers": [
      1,
      5,
      20
    ]
  }
}