{
  "type": "Self Speculative Decoding",
  "task": "cnn_dailymail",
  "n_shot": 1,
  "length": 50,
  "rouge-1": 0.3338596111105666,
  "rouge-2": 0.13022223955150714,
  "rouge-l": 0.20819767634353925,
  "rouge-lsum": 0.20826384763713437,
  "elapsed_time": 1153.7680191993713,
  "generated_tokens": 8187,
  "model_memory": 4.859714508056641,
  "peak_memory": 7.342052459716797,
  "inputs": {
    "model_id": "meta-llama/Llama-3.2-3B-Instruct",
    "num_offload_layers": 6,
    "search_iteration": 1000,
    "csv_filename": "config/llama-3.2-3b/offload_6-search_1000/searching.csv",
    "json_filename": "config/llama-3.2-3b/offload_6-search_1000/skipped_layers.json",
    "skip_attn_layers": [
      4,
      5,
      6,
      9,
      10,
      15,
      19
    ],
    "skip_mlp_layers": [
      4,
      5,
      9,
      20,
      21,
      23
    ]
  }
}