{
  "type": "Self Speculative Decoding",
  "task": "cnn_dailymail",
  "n_shot": 1,
  "length": 50,
  "rouge-1": 0.3541203379565184,
  "rouge-2": 0.142489535600204,
  "rouge-l": 0.22010263917697212,
  "rouge-lsum": 0.22025014993950903,
  "elapsed_time": 789.9069802761078,
  "generated_tokens": 7437,
  "model_memory": 13.332542419433594,
  "peak_memory": 15.86297607421875,
  "inputs": {
    "model_id": "meta-llama/Llama-3.1-8B-Instruct",
    "num_offload_layers": 4,
    "search_iteration": 1000,
    "csv_filename": "config/llama-3.1-8b/offload_4-search_1000/searching.csv",
    "json_filename": "config/llama-3.1-8b/offload_4-search_1000/skipped_layers.json",
    "skip_attn_layers": [
      4,
      5,
      8,
      9,
      21,
      23,
      26,
      28,
      29
    ],
    "skip_mlp_layers": [
      4,
      7,
      8,
      25
    ]
  }
}