{
  "type": "Self Speculative Decoding With Naive Offloading",
  "task": "cnn_dailymail",
  "n_shot": 1,
  "length": 50,
  "rouge-1": 0.3336339214759323,
  "rouge-2": 0.12941130967244707,
  "rouge-l": 0.2077310598036777,
  "rouge-lsum": 0.20833730019197907,
  "elapsed_time": 2090.801858663559,
  "generated_tokens": 8187,
  "model_memory": 4.859714508056641,
  "peak_memory": 7.335826873779297,
  "inputs": {
    "model_id": "meta-llama/Llama-3.2-3B-Instruct",
    "num_offload_layers": 6,
    "search_iteration": 1000,
    "csv_filename": "config/llama-3.2-3b/offload_6-search_1000/searching.csv",
    "json_filename": "config/llama-3.2-3b/offload_6-search_1000/skipped_layers.json",
    "skip_attn_layers": [
      4,
      5,
      6,
      9,
      10,
      15,
      19
    ],
    "skip_mlp_layers": [
      4,
      5,
      9,
      20,
      21,
      23
    ]
  }
}