{
  "type": "Self Speculative Decoding",
  "task": "cnn_dailymail",
  "n_shot": 1,
  "length": 50,
  "rouge-1": 0.2806773159949639,
  "rouge-2": 0.11031026075577269,
  "rouge-l": 0.18404649770296821,
  "rouge-lsum": 0.18362759671331474,
  "elapsed_time": 1855.655965089798,
  "generated_tokens": 12389,
  "model_memory": 6.273824691772461,
  "peak_memory": 15.87713623046875,
  "inputs": {
    "model_id": "microsoft/Phi-3-mini-4k-instruct",
    "num_offload_layers": 4,
    "search_iteration": 1000,
    "csv_filename": "config/phi-3-mini/offload_4-search_1000/searching.csv",
    "json_filename": "config/phi-3-mini/offload_4-search_1000/skipped_layers.json",
    "skip_attn_layers": [
      4,
      7,
      11,
      12
    ],
    "skip_mlp_layers": [
      9,
      11,
      12,
      14,
      22,
      23
    ]
  }
}