{
  "type": "Baseline",
  "task": "cnn_dailymail",
  "n_shot": 1,
  "length": 50,
  "rouge-1": 0.3377780628234368,
  "rouge-2": 0.1334880418969855,
  "rouge-l": 0.21123891850960985,
  "rouge-lsum": 0.21159280182942486,
  "elapsed_time": 1944.88605260849,
  "generated_tokens": 8137,
  "model_memory": 4.859714508056641,
  "peak_memory": 7.336925029754639,
  "inputs": {
    "model_id": "meta-llama/Llama-3.2-3B-Instruct",
    "num_offload_layers": 6,
    "search_iteration": 1000,
    "csv_filename": "config/llama-3.2-3b/offload_6-search_1000/searching.csv",
    "json_filename": "config/llama-3.2-3b/offload_6-search_1000/skipped_layers.json",
    "skip_attn_layers": [
      4,
      5,
      6,
      9,
      10,
      15,
      19
    ],
    "skip_mlp_layers": [
      4,
      5,
      9,
      20,
      21,
      23
    ]
  }
}