{
  "type": "Baseline",
  "task": "cnn_dailymail",
  "n_shot": 1,
  "length": 50,
  "rouge-1": 0.3376639906800758,
  "rouge-2": 0.13326872717906935,
  "rouge-l": 0.21222797543660588,
  "rouge-lsum": 0.2120051223529406,
  "elapsed_time": 827.9895458221436,
  "generated_tokens": 8137,
  "model_memory": 5.609714508056641,
  "peak_memory": 8.085643291473389,
  "inputs": {
    "model_id": "meta-llama/Llama-3.2-3B-Instruct",
    "num_offload_layers": 2,
    "search_iteration": 1000,
    "csv_filename": "config/llama-3.2-3b/motivation/offload_0-search_1000/searching.csv",
    "json_filename": "config/llama-3.2-3b/motivation/offload_0-search_1000/skipped_layers.json",
    "skip_attn_layers": [
      1,
      3,
      5,
      6,
      8,
      9,
      12,
      18,
      20,
      22,
      27
    ],
    "skip_mlp_layers": [
      1,
      3,
      5,
      6,
      7,
      8,
      9,
      13,
      17,
      22,
      23
    ]
  }
}