{
  "type": "Self Speculative Decoding",
  "task": "cnn_dailymail",
  "n_shot": 1,
  "length": 50,
  "rouge-1": 0.35638503320425197,
  "rouge-2": 0.14412187308681243,
  "rouge-l": 0.2180163892468794,
  "rouge-lsum": 0.21791308727675773,
  "elapsed_time": 532.7690966129303,
  "generated_tokens": 7404,
  "model_memory": 14.145042419433594,
  "peak_memory": 16.6763916015625,
  "inputs": {
    "model_id": "meta-llama/Llama-3.1-8B-Instruct",
    "num_offload_layers": 2,
    "search_iteration": 1000,
    "csv_filename": "config/llama-3.1-8b/offload_2-search_1000/searching.csv",
    "json_filename": "config/llama-3.1-8b/offload_2-search_1000/skipped_layers.json",
    "skip_attn_layers": [
      2,
      3,
      6,
      9,
      21,
      23,
      24,
      26,
      28
    ],
    "skip_mlp_layers": [
      8,
      9
    ]
  }
}