{
  "type": "Baseline",
  "task": "cnn_dailymail",
  "n_shot": 1,
  "length": 50,
  "rouge-1": 0.14577198613870485,
  "rouge-2": 0.055181982817665065,
  "rouge-l": 0.11392010920789408,
  "rouge-lsum": 0.1137715439653545,
  "elapsed_time": 8620.79070186615,
  "generated_tokens": 24679,
  "model_memory": 23.535947799682617,
  "peak_memory": 30.369731426239014,
  "inputs": {
    "model_id": "microsoft/Phi-3-medium-4k-instruct",
    "num_offload_layers": 4,
    "search_iteration": 1000,
    "csv_filename": "config/phi-3-medium/motivation/offload_0-search_1000/searching.csv",
    "json_filename": "config/phi-3-medium/motivation/offload_0-search_1000/skipped_layers.json",
    "skip_attn_layers": [
      2,
      4,
      7,
      8,
      10,
      11,
      13,
      14,
      18,
      25,
      28,
      32,
      34,
      38
    ],
    "skip_mlp_layers": [
      0,
      2,
      3,
      13,
      14,
      16,
      17,
      18,
      26,
      28,
      29,
      30,
      31,
      33
    ]
  }
}