{
  "type": "Baseline",
  "task": "xsum",
  "n_shot": 1,
  "length": 50,
  "rouge-1": 0.21554137456051084,
  "rouge-2": 0.05632426837443386,
  "rouge-l": 0.15208169775721964,
  "rouge-lsum": 0.15177376083491623,
  "elapsed_time": 857.3654012680054,
  "generated_tokens": 5090,
  "model_memory": 5.234714508056641,
  "peak_memory": 6.972428798675537,
  "inputs": {
    "model_id": "meta-llama/Llama-3.2-3B-Instruct",
    "num_offload_layers": 4,
    "search_iteration": 1000,
    "csv_filename": "config/llama-3.2-3b/offload_4-search_1000/searching.csv",
    "json_filename": "config/llama-3.2-3b/offload_4-search_1000/skipped_layers.json",
    "skip_attn_layers": [
      2,
      6,
      8,
      9,
      23,
      25,
      26
    ],
    "skip_mlp_layers": [
      6,
      7,
      8,
      9
    ]
  }
}