{
  "type": "Baseline",
  "task": "cnn_dailymail",
  "n_shot": 1,
  "length": 50,
  "rouge-1": 0.2819870774754849,
  "rouge-2": 0.11320579888900664,
  "rouge-l": 0.18679526132394345,
  "rouge-lsum": 0.18741206100719154,
  "elapsed_time": 1513.6282546520233,
  "generated_tokens": 12524,
  "model_memory": 6.695699691772461,
  "peak_memory": 16.299363136291504,
  "inputs": {
    "model_id": "microsoft/Phi-3-mini-4k-instruct",
    "num_offload_layers": 2,
    "search_iteration": 1000,
    "csv_filename": "config/phi-3-mini/offload_2-search_1000/searching.csv",
    "json_filename": "config/phi-3-mini/offload_2-search_1000/skipped_layers.json",
    "skip_attn_layers": [
      0,
      4
    ],
    "skip_mlp_layers": [
      4,
      5,
      9,
      10,
      14,
      24
    ]
  }
}