{
  "type": "Baseline",
  "task": "xsum",
  "n_shot": 1,
  "length": 50,
  "rouge-1": 0.19902924174845282,
  "rouge-2": 0.04525820319971175,
  "rouge-l": 0.13529102126900378,
  "rouge-lsum": 0.1352084535406345,
  "elapsed_time": 283.52264285087585,
  "generated_tokens": 6122,
  "model_memory": 7.117574691772461,
  "peak_memory": 12.350349426269531,
  "inputs": {
    "model_id": "microsoft/Phi-3-mini-4k-instruct",
    "num_offload_layers": 0,
    "search_iteration": 1000,
    "csv_filename": "config/phi-3-mini/motivation/offload_0-search_1000/searching.csv",
    "json_filename": "config/phi-3-mini/motivation/offload_0-search_1000/skipped_layers.json",
    "skip_attn_layers": [
      0,
      3,
      6,
      8,
      10,
      12,
      14,
      24
    ],
    "skip_mlp_layers": [
      3,
      4,
      9,
      10,
      11,
      14,
      22,
      23,
      27
    ]
  }
}