{
  "type": "Baseline",
  "task": "xsum",
  "n_shot": 1,
  "length": 50,
  "rouge-1": 0.19810736488893746,
  "rouge-2": 0.045260634442123554,
  "rouge-l": 0.13529138746670366,
  "rouge-lsum": 0.13540410039571776,
  "elapsed_time": 1646.3632044792175,
  "generated_tokens": 6122,
  "model_memory": 5.851949691772461,
  "peak_memory": 11.086011409759521,
  "inputs": {
    "model_id": "microsoft/Phi-3-mini-4k-instruct",
    "num_offload_layers": 6,
    "search_iteration": 1000,
    "csv_filename": "config/phi-3-mini/offload_6-search_1000/searching.csv",
    "json_filename": "config/phi-3-mini/offload_6-search_1000/skipped_layers.json",
    "skip_attn_layers": [
      0,
      3,
      7,
      8,
      11,
      12,
      14
    ],
    "skip_mlp_layers": [
      6,
      9,
      10,
      12,
      14,
      21
    ]
  }
}