{
  "type": "Self Speculative Decoding With Naive Offloading",
  "task": "cnn_dailymail",
  "n_shot": 1,
  "length": 50,
  "rouge-1": 0.3580820407989931,
  "rouge-2": 0.1424180114911821,
  "rouge-l": 0.21800072235825105,
  "rouge-lsum": 0.21800770982391088,
  "elapsed_time": 2692.298500776291,
  "generated_tokens": 7313,
  "model_memory": 12.520042419433594,
  "peak_memory": 15.0499267578125,
  "inputs": {
    "model_id": "meta-llama/Llama-3.1-8B-Instruct",
    "num_offload_layers": 6,
    "search_iteration": 1000,
    "csv_filename": "config/llama-3.1-8b/motivation/offload_0-search_1000/searching.csv",
    "json_filename": "config/llama-3.1-8b/motivation/offload_0-search_1000/skipped_layers.json",
    "skip_attn_layers": [
      1,
      2,
      3,
      5,
      7,
      9,
      10,
      11,
      13,
      15,
      19,
      21,
      23,
      27,
      28
    ],
    "skip_mlp_layers": [
      3,
      8,
      9,
      10,
      12
    ]
  }
}