{
  "type": "Self Speculative Decoding With Naive Offloading",
  "task": "cnn_dailymail",
  "n_shot": 1,
  "length": 50,
  "rouge-1": 0.14415154957702397,
  "rouge-2": 0.05409946184511934,
  "rouge-l": 0.1122732665650911,
  "rouge-lsum": 0.11256666810954769,
  "elapsed_time": 9587.376883268356,
  "generated_tokens": 24762,
  "model_memory": 23.535947799682617,
  "peak_memory": 30.369314193725586,
  "inputs": {
    "model_id": "microsoft/Phi-3-medium-4k-instruct",
    "num_offload_layers": 4,
    "search_iteration": 1000,
    "csv_filename": "config/phi-3-medium/motivation/offload_0-search_1000/searching.csv",
    "json_filename": "config/phi-3-medium/motivation/offload_0-search_1000/skipped_layers.json",
    "skip_attn_layers": [
      2,
      4,
      7,
      8,
      10,
      11,
      13,
      14,
      18,
      25,
      28,
      32,
      34,
      38
    ],
    "skip_mlp_layers": [
      0,
      2,
      3,
      13,
      14,
      16,
      17,
      18,
      26,
      28,
      29,
      30,
      31,
      33
    ]
  }
}