{
  "type": "Baseline",
  "task": "xsum",
  "n_shot": 1,
  "length": 50,
  "rouge-1": 0.2684988223072037,
  "rouge-2": 0.09102739753596613,
  "rouge-l": 0.19055176465944623,
  "rouge-lsum": 0.19056748033361176,
  "elapsed_time": 590.5175516605377,
  "generated_tokens": 4129,
  "model_memory": 14.145042419433594,
  "peak_memory": 15.92246389389038,
  "inputs": {
    "model_id": "meta-llama/Llama-3.1-8B-Instruct",
    "num_offload_layers": 2,
    "search_iteration": 1000,
    "csv_filename": "config/llama-3.1-8b/offload_2-search_1000/searching.csv",
    "json_filename": "config/llama-3.1-8b/offload_2-search_1000/skipped_layers.json",
    "skip_attn_layers": [
      2,
      3,
      6,
      9,
      21,
      23,
      24,
      26,
      28
    ],
    "skip_mlp_layers": [
      8,
      9
    ]
  }
}