{
  "type": "Self Speculative Decoding",
  "task": "cnn_dailymail",
  "n_shot": 1,
  "length": 50,
  "rouge-1": 0.3574143412174161,
  "rouge-2": 0.1430027179010196,
  "rouge-l": 0.2172832236926172,
  "rouge-lsum": 0.21829332279086477,
  "elapsed_time": 1582.234158039093,
  "generated_tokens": 7313,
  "model_memory": 12.520042419433594,
  "peak_memory": 15.0513916015625,
  "inputs": {
    "model_id": "meta-llama/Llama-3.1-8B-Instruct",
    "num_offload_layers": 6,
    "search_iteration": 1000,
    "csv_filename": "config/llama-3.1-8b/motivation/offload_0-search_1000/searching.csv",
    "json_filename": "config/llama-3.1-8b/motivation/offload_0-search_1000/skipped_layers.json",
    "skip_attn_layers": [
      1,
      2,
      3,
      5,
      7,
      9,
      10,
      11,
      13,
      15,
      19,
      21,
      23,
      27,
      28
    ],
    "skip_mlp_layers": [
      3,
      8,
      9,
      10,
      12
    ]
  }
}