{
  "type": "Baseline",
  "task": "xsum",
  "n_shot": 1,
  "length": 50,
  "rouge-1": 0.0690854551677083,
  "rouge-2": 0.018884888126297343,
  "rouge-l": 0.05831363599986254,
  "rouge-lsum": 0.05810353221188101,
  "elapsed_time": 5002.85255241394,
  "generated_tokens": 24551,
  "model_memory": 24.809385299682617,
  "peak_memory": 28.66142702102661,
  "inputs": {
    "model_id": "microsoft/Phi-3-medium-4k-instruct",
    "num_offload_layers": 2,
    "search_iteration": 1000,
    "csv_filename": "config/phi-3-medium/offload_2-search_1000/searching.csv",
    "json_filename": "config/phi-3-medium/offload_2-search_1000/skipped_layers.json",
    "skip_attn_layers": [
      3,
      4,
      7,
      13,
      14,
      27,
      32
    ],
    "skip_mlp_layers": [
      3,
      11,
      13
    ]
  }
}