{
  "type": "Baseline",
  "task": "cnn_dailymail",
  "n_shot": 1,
  "length": 50,
  "rouge-1": 0.3379641185682978,
  "rouge-2": 0.13337181218797373,
  "rouge-l": 0.2117745044682616,
  "rouge-lsum": 0.21187395949231463,
  "elapsed_time": 256.9788627624512,
  "generated_tokens": 8137,
  "model_memory": 5.984714508056641,
  "peak_memory": 8.460826396942139,
  "inputs": {
    "model_id": "meta-llama/Llama-3.2-3B-Instruct",
    "num_offload_layers": 0,
    "search_iteration": 1000,
    "csv_filename": "config/llama-3.2-3b/motivation/offload_0-search_1000/searching.csv",
    "json_filename": "config/llama-3.2-3b/motivation/offload_0-search_1000/skipped_layers.json",
    "skip_attn_layers": [
      1,
      3,
      5,
      6,
      8,
      9,
      12,
      18,
      20,
      22,
      27
    ],
    "skip_mlp_layers": [
      1,
      3,
      5,
      6,
      7,
      8,
      9,
      13,
      17,
      22,
      23
    ]
  }
}