{
  "type": "Self Speculative Decoding",
  "task": "xsum",
  "n_shot": 1,
  "length": 50,
  "rouge-1": 0.20900391065662818,
  "rouge-2": 0.048410797204162456,
  "rouge-l": 0.143142673009892,
  "rouge-lsum": 0.14292842489843044,
  "elapsed_time": 473.25001668930054,
  "generated_tokens": 5924,
  "model_memory": 6.695699691772461,
  "peak_memory": 11.930805683135986,
  "inputs": {
    "model_id": "microsoft/Phi-3-mini-4k-instruct",
    "num_offload_layers": 2,
    "search_iteration": 1000,
    "csv_filename": "config/phi-3-mini/offload_2-search_1000/searching.csv",
    "json_filename": "config/phi-3-mini/offload_2-search_1000/skipped_layers.json",
    "skip_attn_layers": [
      0,
      4
    ],
    "skip_mlp_layers": [
      4,
      5,
      9,
      10,
      14,
      24
    ]
  }
}