{
  "type": "Self Speculative Decoding",
  "task": "xsum",
  "n_shot": 1,
  "length": 50,
  "rouge-1": 0.2712263158408748,
  "rouge-2": 0.09536388263356894,
  "rouge-l": 0.19196757708388495,
  "rouge-lsum": 0.19260803488285155,
  "elapsed_time": 716.3347988128662,
  "generated_tokens": 4288,
  "model_memory": 12.520042419433594,
  "peak_memory": 14.295587539672852,
  "inputs": {
    "model_id": "meta-llama/Llama-3.1-8B-Instruct",
    "num_offload_layers": 6,
    "search_iteration": 1000,
    "csv_filename": "config/llama-3.1-8b/offload_6-search_1000/searching.csv",
    "json_filename": "config/llama-3.1-8b/offload_6-search_1000/skipped_layers.json",
    "skip_attn_layers": [
      1,
      6,
      10,
      11,
      21,
      23
    ],
    "skip_mlp_layers": [
      1,
      7,
      8,
      9,
      10,
      12,
      25
    ]
  }
}