{
  "type": "Baseline",
  "task": "xsum",
  "n_shot": 1,
  "length": 50,
  "rouge-1": 0.19841425375482274,
  "rouge-2": 0.044974275199971436,
  "rouge-l": 0.1355944924764892,
  "rouge-lsum": 0.1355881224829278,
  "elapsed_time": 1191.5616464614868,
  "generated_tokens": 6122,
  "model_memory": 6.273824691772461,
  "peak_memory": 11.507691860198975,
  "inputs": {
    "model_id": "microsoft/Phi-3-mini-4k-instruct",
    "num_offload_layers": 4,
    "search_iteration": 1000,
    "csv_filename": "config/phi-3-mini/motivation/offload_0-search_1000/searching.csv",
    "json_filename": "config/phi-3-mini/motivation/offload_0-search_1000/skipped_layers.json",
    "skip_attn_layers": [
      0,
      3,
      6,
      8,
      10,
      12,
      14,
      24
    ],
    "skip_mlp_layers": [
      3,
      4,
      9,
      10,
      11,
      14,
      22,
      23,
      27
    ]
  }
}