{
  "type": "Baseline",
  "task": "cnn_dailymail",
  "n_shot": 1,
  "length": 50,
  "rouge-1": 0.28124923793667084,
  "rouge-2": 0.11244790907768029,
  "rouge-l": 0.18630424881323399,
  "rouge-lsum": 0.18597000464561217,
  "elapsed_time": 1534.7855958938599,
  "generated_tokens": 12524,
  "model_memory": 6.695699691772461,
  "peak_memory": 16.299363136291504,
  "inputs": {
    "model_id": "microsoft/Phi-3-mini-4k-instruct",
    "num_offload_layers": 2,
    "search_iteration": 1000,
    "csv_filename": "config/phi-3-mini/motivation/offload_0-search_1000/searching.csv",
    "json_filename": "config/phi-3-mini/motivation/offload_0-search_1000/skipped_layers.json",
    "skip_attn_layers": [
      0,
      3,
      6,
      8,
      10,
      12,
      14,
      24
    ],
    "skip_mlp_layers": [
      3,
      4,
      9,
      10,
      11,
      14,
      22,
      23,
      27
    ]
  }
}