{
  "type": "Baseline",
  "task": "cnn_dailymail",
  "n_shot": 1,
  "length": 50,
  "rouge-1": 0.14584925198348025,
  "rouge-2": 0.05535050700779154,
  "rouge-l": 0.11357822440781061,
  "rouge-lsum": 0.113808828714284,
  "elapsed_time": 4982.303159713745,
  "generated_tokens": 24679,
  "model_memory": 24.809385299682617,
  "peak_memory": 31.642317295074463,
  "inputs": {
    "model_id": "microsoft/Phi-3-medium-4k-instruct",
    "num_offload_layers": 2,
    "search_iteration": 1000,
    "csv_filename": "config/phi-3-medium/offload_2-search_1000/searching.csv",
    "json_filename": "config/phi-3-medium/offload_2-search_1000/skipped_layers.json",
    "skip_attn_layers": [
      3,
      4,
      7,
      13,
      14,
      27,
      32
    ],
    "skip_mlp_layers": [
      3,
      11,
      13
    ]
  }
}