{
  "type": "Self Speculative Decoding With Naive Offloading",
  "task": "xsum",
  "n_shot": 1,
  "length": 50,
  "rouge-1": 0.27254068254234365,
  "rouge-2": 0.098357241757213,
  "rouge-l": 0.1984257715859411,
  "rouge-lsum": 0.19696677490805142,
  "elapsed_time": 1095.873084783554,
  "generated_tokens": 4160,
  "model_memory": 13.332542419433594,
  "peak_memory": 15.109964370727539,
  "inputs": {
    "model_id": "meta-llama/Llama-3.1-8B-Instruct",
    "num_offload_layers": 4,
    "search_iteration": 1000,
    "csv_filename": "config/llama-3.1-8b/motivation/offload_0-search_1000/searching.csv",
    "json_filename": "config/llama-3.1-8b/motivation/offload_0-search_1000/skipped_layers.json",
    "skip_attn_layers": [
      1,
      2,
      3,
      5,
      7,
      9,
      10,
      11,
      13,
      15,
      19,
      21,
      23,
      27,
      28
    ],
    "skip_mlp_layers": [
      3,
      8,
      9,
      10,
      12
    ]
  }
}