{
  "type": "Self Speculative Decoding",
  "task": "xsum",
  "n_shot": 1,
  "length": 50,
  "rouge-1": 0.20371486776984898,
  "rouge-2": 0.04746938558651832,
  "rouge-l": 0.137528993428836,
  "rouge-lsum": 0.13882168918122734,
  "elapsed_time": 639.5737040042877,
  "generated_tokens": 6065,
  "model_memory": 6.273824691772461,
  "peak_memory": 11.508476734161377,
  "inputs": {
    "model_id": "microsoft/Phi-3-mini-4k-instruct",
    "num_offload_layers": 4,
    "search_iteration": 1000,
    "csv_filename": "config/phi-3-mini/offload_4-search_1000/searching.csv",
    "json_filename": "config/phi-3-mini/offload_4-search_1000/skipped_layers.json",
    "skip_attn_layers": [
      4,
      7,
      11,
      12
    ],
    "skip_mlp_layers": [
      9,
      11,
      12,
      14,
      22,
      23
    ]
  }
}