{
  "type": "Self Speculative Decoding With Naive Offloading",
  "task": "xsum",
  "n_shot": 1,
  "length": 50,
  "rouge-1": 0.0705870012669762,
  "rouge-2": 0.018009236280780966,
  "rouge-l": 0.05769499490687617,
  "rouge-lsum": 0.05753530942242373,
  "elapsed_time": 9036.093784570694,
  "generated_tokens": 24147,
  "model_memory": 23.535947799682617,
  "peak_memory": 27.38709831237793,
  "inputs": {
    "model_id": "microsoft/Phi-3-medium-4k-instruct",
    "num_offload_layers": 4,
    "search_iteration": 1000,
    "csv_filename": "config/phi-3-medium/offload_4-search_1000/searching.csv",
    "json_filename": "config/phi-3-medium/offload_4-search_1000/skipped_layers.json",
    "skip_attn_layers": [
      4,
      5,
      8,
      10,
      11,
      13,
      14,
      27,
      30
    ],
    "skip_mlp_layers": [
      0,
      4,
      8,
      13,
      29
    ]
  }
}