{
  "type": "Baseline",
  "task": "cnn_dailymail",
  "n_shot": 1,
  "length": 50,
  "rouge-1": 0.28036117971464247,
  "rouge-2": 0.11325519664709394,
  "rouge-l": 0.18651569571677656,
  "rouge-lsum": 0.18621052253882023,
  "elapsed_time": 3352.0222251415253,
  "generated_tokens": 12524,
  "model_memory": 5.851949691772461,
  "peak_memory": 15.455260753631592,
  "inputs": {
    "model_id": "microsoft/Phi-3-mini-4k-instruct",
    "num_offload_layers": 6,
    "search_iteration": 1000,
    "csv_filename": "config/phi-3-mini/offload_6-search_1000/searching.csv",
    "json_filename": "config/phi-3-mini/offload_6-search_1000/skipped_layers.json",
    "skip_attn_layers": [
      0,
      3,
      7,
      8,
      11,
      12,
      14
    ],
    "skip_mlp_layers": [
      6,
      9,
      10,
      12,
      14,
      21
    ]
  }
}