{
  "type": "Self Speculative Decoding",
  "task": "xsum",
  "n_shot": 1,
  "length": 50,
  "rouge-1": 0.20540066946964675,
  "rouge-2": 0.04901623513777742,
  "rouge-l": 0.1383972933339142,
  "rouge-lsum": 0.13884464950883732,
  "elapsed_time": 1010.1534349918365,
  "generated_tokens": 6267,
  "model_memory": 5.851949691772461,
  "peak_memory": 11.087175369262695,
  "inputs": {
    "model_id": "microsoft/Phi-3-mini-4k-instruct",
    "num_offload_layers": 6,
    "search_iteration": 1000,
    "csv_filename": "config/phi-3-mini/motivation/offload_0-search_1000/searching.csv",
    "json_filename": "config/phi-3-mini/motivation/offload_0-search_1000/skipped_layers.json",
    "skip_attn_layers": [
      0,
      3,
      6,
      8,
      10,
      12,
      14,
      24
    ],
    "skip_mlp_layers": [
      3,
      4,
      9,
      10,
      11,
      14,
      22,
      23,
      27
    ]
  }
}