{
  "type": "Self Speculative Decoding",
  "task": "cnn_dailymail",
  "n_shot": 1,
  "length": 50,
  "rouge-1": 0.2945867798476877,
  "rouge-2": 0.1159367375224003,
  "rouge-l": 0.19279278136366657,
  "rouge-lsum": 0.1938863356596629,
  "elapsed_time": 2281.1944165229797,
  "generated_tokens": 11528,
  "model_memory": 5.851949691772461,
  "peak_memory": 15.455360412597656,
  "inputs": {
    "model_id": "microsoft/Phi-3-mini-4k-instruct",
    "num_offload_layers": 6,
    "search_iteration": 1000,
    "csv_filename": "config/phi-3-mini/motivation/offload_0-search_1000/searching.csv",
    "json_filename": "config/phi-3-mini/motivation/offload_0-search_1000/skipped_layers.json",
    "skip_attn_layers": [
      0,
      3,
      6,
      8,
      10,
      12,
      14,
      24
    ],
    "skip_mlp_layers": [
      3,
      4,
      9,
      10,
      11,
      14,
      22,
      23,
      27
    ]
  }
}