{
  "type": "Self Speculative Decoding",
  "task": "cnn_dailymail",
  "n_shot": 1,
  "length": 50,
  "rouge-1": 0.1441899606621007,
  "rouge-2": 0.05346682984704815,
  "rouge-l": 0.1122355818302838,
  "rouge-lsum": 0.1112509838159592,
  "elapsed_time": 7907.946628570557,
  "generated_tokens": 24631,
  "model_memory": 22.262510299682617,
  "peak_memory": 29.097591876983643,
  "inputs": {
    "model_id": "microsoft/Phi-3-medium-4k-instruct",
    "num_offload_layers": 6,
    "search_iteration": 1000,
    "csv_filename": "config/phi-3-medium/offload_6-search_1000/searching.csv",
    "json_filename": "config/phi-3-medium/offload_6-search_1000/skipped_layers.json",
    "skip_attn_layers": [
      3,
      5,
      8,
      11,
      15,
      20,
      28,
      29
    ],
    "skip_mlp_layers": [
      6,
      12,
      16,
      17,
      23,
      26,
      27,
      31,
      39
    ]
  }
}