{
  "type": "Self Speculative Decoding With Naive Offloading",
  "task": "xsum",
  "n_shot": 1,
  "length": 50,
  "rouge-1": 0.07220255387322998,
  "rouge-2": 0.018091937588369626,
  "rouge-l": 0.058876528567976386,
  "rouge-lsum": 0.05859425513325533,
  "elapsed_time": 5044.081430196762,
  "generated_tokens": 24145,
  "model_memory": 24.809385299682617,
  "peak_memory": 28.66053581237793,
  "inputs": {
    "model_id": "microsoft/Phi-3-medium-4k-instruct",
    "num_offload_layers": 2,
    "search_iteration": 1000,
    "csv_filename": "config/phi-3-medium/offload_2-search_1000/searching.csv",
    "json_filename": "config/phi-3-medium/offload_2-search_1000/skipped_layers.json",
    "skip_attn_layers": [
      3,
      4,
      7,
      13,
      14,
      27,
      32
    ],
    "skip_mlp_layers": [
      3,
      11,
      13
    ]
  }
}