{
  "type": "Self Speculative Decoding",
  "task": "cnn_dailymail",
  "n_shot": 1,
  "length": 50,
  "rouge-1": 0.1527264673896222,
  "rouge-2": 0.05779234346256061,
  "rouge-l": 0.11787027226306296,
  "rouge-lsum": 0.11735620361280119,
  "elapsed_time": 2686.299401283264,
  "generated_tokens": 24726,
  "model_memory": 24.809385299682617,
  "peak_memory": 31.642472743988037,
  "inputs": {
    "model_id": "microsoft/Phi-3-medium-4k-instruct",
    "num_offload_layers": 2,
    "search_iteration": 1000,
    "csv_filename": "config/phi-3-medium/offload_2-search_1000/searching.csv",
    "json_filename": "config/phi-3-medium/offload_2-search_1000/skipped_layers.json",
    "skip_attn_layers": [
      3,
      4,
      7,
      13,
      14,
      27,
      32
    ],
    "skip_mlp_layers": [
      3,
      11,
      13
    ]
  }
}