{
  "type": "Baseline",
  "task": "cnn_dailymail",
  "n_shot": 1,
  "length": 50,
  "rouge-1": 0.28044871206047617,
  "rouge-2": 0.11337420833152903,
  "rouge-l": 0.18654596100179902,
  "rouge-lsum": 0.18697543294349644,
  "elapsed_time": 3365.6460015773773,
  "generated_tokens": 12524,
  "model_memory": 5.851949691772461,
  "peak_memory": 15.455409526824951,
  "inputs": {
    "model_id": "microsoft/Phi-3-mini-4k-instruct",
    "num_offload_layers": 6,
    "search_iteration": 1000,
    "csv_filename": "config/phi-3-mini/motivation/offload_0-search_1000/searching.csv",
    "json_filename": "config/phi-3-mini/motivation/offload_0-search_1000/skipped_layers.json",
    "skip_attn_layers": [
      0,
      3,
      6,
      8,
      10,
      12,
      14,
      24
    ],
    "skip_mlp_layers": [
      3,
      4,
      9,
      10,
      11,
      14,
      22,
      23,
      27
    ]
  }
}