{
  "type": "Baseline",
  "task": "xsum",
  "n_shot": 1,
  "length": 50,
  "rouge-1": 0.19924996867132289,
  "rouge-2": 0.04498933178517057,
  "rouge-l": 0.13510642347042268,
  "rouge-lsum": 0.13485232366008465,
  "elapsed_time": 1645.7246625423431,
  "generated_tokens": 6122,
  "model_memory": 5.851949691772461,
  "peak_memory": 11.086011409759521,
  "inputs": {
    "model_id": "microsoft/Phi-3-mini-4k-instruct",
    "num_offload_layers": 6,
    "search_iteration": 1000,
    "csv_filename": "config/phi-3-mini/motivation/offload_0-search_1000/searching.csv",
    "json_filename": "config/phi-3-mini/motivation/offload_0-search_1000/skipped_layers.json",
    "skip_attn_layers": [
      0,
      3,
      6,
      8,
      10,
      12,
      14,
      24
    ],
    "skip_mlp_layers": [
      3,
      4,
      9,
      10,
      11,
      14,
      22,
      23,
      27
    ]
  }
}