{
  "type": "Self Speculative Decoding With Naive Offloading",
  "task": "cnn_dailymail",
  "n_shot": 1,
  "length": 50,
  "rouge-1": 0.35602820323092665,
  "rouge-2": 0.14387185504672495,
  "rouge-l": 0.21858125286720437,
  "rouge-lsum": 0.21800333199147792,
  "elapsed_time": 1104.7094917297363,
  "generated_tokens": 7404,
  "model_memory": 14.145042419433594,
  "peak_memory": 16.6746826171875,
  "inputs": {
    "model_id": "meta-llama/Llama-3.1-8B-Instruct",
    "num_offload_layers": 2,
    "search_iteration": 1000,
    "csv_filename": "config/llama-3.1-8b/offload_2-search_1000/searching.csv",
    "json_filename": "config/llama-3.1-8b/offload_2-search_1000/skipped_layers.json",
    "skip_attn_layers": [
      2,
      3,
      6,
      9,
      21,
      23,
      24,
      26,
      28
    ],
    "skip_mlp_layers": [
      8,
      9
    ]
  }
}