{
  "type": "Self Speculative Decoding With Naive Offloading",
  "task": "xsum",
  "n_shot": 1,
  "length": 50,
  "rouge-1": 0.1998193318423119,
  "rouge-2": 0.04115858600720495,
  "rouge-l": 0.13605068535732556,
  "rouge-lsum": 0.13651165056441528,
  "elapsed_time": 1826.7141811847687,
  "generated_tokens": 6041,
  "model_memory": 5.851949691772461,
  "peak_memory": 11.085817337036133,
  "inputs": {
    "model_id": "microsoft/Phi-3-mini-4k-instruct",
    "num_offload_layers": 6,
    "search_iteration": 1000,
    "csv_filename": "config/phi-3-mini/offload_6-search_1000/searching.csv",
    "json_filename": "config/phi-3-mini/offload_6-search_1000/skipped_layers.json",
    "skip_attn_layers": [
      0,
      3,
      7,
      8,
      11,
      12,
      14
    ],
    "skip_mlp_layers": [
      6,
      9,
      10,
      12,
      14,
      21
    ]
  }
}