{
  "type": "Baseline",
  "task": "cnn_dailymail",
  "n_shot": 1,
  "length": 50,
  "rouge-1": 0.36095502488967085,
  "rouge-2": 0.14531993772055107,
  "rouge-l": 0.21888310971884406,
  "rouge-lsum": 0.2194877029045712,
  "elapsed_time": 2636.023038625717,
  "generated_tokens": 7351,
  "model_memory": 12.520042419433594,
  "peak_memory": 15.050109386444092,
  "inputs": {
    "model_id": "meta-llama/Llama-3.1-8B-Instruct",
    "num_offload_layers": 6,
    "search_iteration": 1000,
    "csv_filename": "config/llama-3.1-8b/offload_6-search_1000/searching.csv",
    "json_filename": "config/llama-3.1-8b/offload_6-search_1000/skipped_layers.json",
    "skip_attn_layers": [
      1,
      6,
      10,
      11,
      21,
      23
    ],
    "skip_mlp_layers": [
      1,
      7,
      8,
      9,
      10,
      12,
      25
    ]
  }
}